name,v1,v2,v3,v4,v5,ea
positive,4,5,5,7,6,1.140175425
negative,8,6,6,9,3,4.453245
